country,iso3,gdp_usd,gdp_ref_year,income_group,gdp_pc_usd
Andorra,AND,3785065524.84754,2023.0,High income,
Antigua and Barbuda,ATG,2005785185.18518,2023.0,High income,
Aruba,ABW,3834729616.12027,2023.0,High income,
Australia,AUS,1734451264655.6,2023.0,High income,68114.0
Austria,AUT,516670509628.876,2023.0,High income,
"Bahamas, The",BHS,15271300000.0,2023.0,High income,
Bahrain,BHR,46192260638.2979,2023.0,High income,
Barbados,BRB,7223250000.0,2023.0,High income,
Belgium,BEL,651330595110.011,2023.0,High income,
Bermuda,BMU,8579242000.0,2023.0,High income,
British Virgin Islands,VGB,,,High income,
Brunei Darussalam,BRN,15095084656.1634,2023.0,High income,
Bulgaria,BGR,102199231384.542,2023.0,High income,
Canada,CAN,2173339670064.33,2023.0,High income,
Cayman Islands,CYM,7241244269.45972,2023.0,High income,
Channel Islands,CHI,12507320838.3932,2023.0,High income,
Chile,CHL,335518054097.637,2023.0,High income,
Croatia,HRV,85624153964.0987,2023.0,High income,
Curacao,CUW,3281419347.37053,2023.0,High income,
Cyprus,CYP,35075423857.0996,2023.0,High income,
Czechia,CZE,345059295659.911,2023.0,High income,
Denmark,DNK,404651706117.557,2023.0,High income,
Estonia,EST,41470344395.1086,2023.0,High income,
Faroe Islands,FRO,3943131022.2291,2023.0,High income,
Finland,FIN,295021982462.75,2023.0,High income,
France,FRA,3056250648138.29,2023.0,High income,
French Polynesia,PYF,6137447782.87066,2023.0,High income,
Germany,DEU,4562207532490.28,2023.0,High income,
Gibraltar,GIB,,,High income,
Greece,GRC,242946187738.269,2023.0,High income,
Greenland,GRL,3326543974.39193,2023.0,High income,
Guam,GUM,6910000000.0,2022.0,High income,
"Hong Kong SAR, China",HKG,381043026173.935,2023.0,High income,
Hungary,HUN,213240316634.648,2023.0,High income,
Iceland,ISL,31677891896.7861,2023.0,High income,
Ireland,IRL,567372737459.116,2023.0,High income,
Isle of Man,IMN,7431257410.92713,2022.0,High income,
Israel,ISR,512184638998.974,2023.0,High income,
Italy,ITA,2316727999333.18,2023.0,High income,
Japan,JPN,4213167237905.83,2023.0,High income,33368.0
"Korea, Rep.",KOR,1844800934391.54,2023.0,High income,35676.0
Kuwait,KWT,165384407116.233,2023.0,High income,
Latvia,LVA,42779550936.838,2023.0,High income,
Liechtenstein,LIE,8239379403.22096,2023.0,High income,
Lithuania,LTU,79789877416.1681,2023.0,High income,
Luxembourg,LUX,88788881539.3937,2023.0,High income,
"Macao SAR, China",MAC,45626467279.891,2023.0,High income,
Malta,MLT,22610561526.1461,2023.0,High income,
Monaco,MCO,10003892565.2005,2023.0,High income,
Nauru,NRU,151435609.578807,2023.0,High income,
Netherlands,NLD,1135475867551.0,2023.0,High income,
New Caledonia,NCL,9769167530.35744,2023.0,High income,
New Zealand,NZL,255194972673.122,2023.0,High income,
Northern Mariana Islands,MNP,1096000000.0,2022.0,High income,
Norway,NOR,482949731776.587,2023.0,High income,
Oman,OMN,106174708036.51,2023.0,High income,
Palau,PLW,276733062.744141,2023.0,High income,
Poland,POL,812451193396.143,2023.0,High income,
Portugal,PRT,292323800948.839,2023.0,High income,
Puerto Rico (US),PRI,118478754280.882,2023.0,High income,
Qatar,QAT,217308516483.516,2023.0,High income,
San Marino,SMR,2027527227.831,2023.0,High income,
Saudi Arabia,SAU,1218584533333.33,2023.0,High income,
Seychelles,SYC,2187379754.66167,2023.0,High income,
Singapore,SGP,505439514078.019,2023.0,High income,
Sint Maarten (Dutch part),SXM,1686525953.05006,2023.0,High income,
Slovak Republic,SVK,133578518423.544,2023.0,High income,
Slovenia,SVN,69255264238.3855,2023.0,High income,
Spain,ESP,1619481980719.64,2023.0,High income,
St. Kitts and Nevis,KNA,1055651851.85185,2023.0,High income,
St. Martin (French part),MAF,649206262.847519,2021.0,High income,
Sweden,SWE,578990915246.07,2023.0,High income,
Switzerland,CHE,894424821645.205,2023.0,High income,
Trinidad and Tobago,TTO,25036993423.3664,2023.0,High income,
Turks and Caicos Islands,TCA,1638653000.0,2023.0,High income,
United Arab Emirates,ARE,522622191967.325,2023.0,High income,
United Kingdom,GBR,3420796653789.08,2023.0,High income,
United States,USA,27292170793214.4,2023.0,High income,83147.0
Uruguay,URY,77991666837.7382,2023.0,High income,
Virgin Islands (U.S.),VIR,4672000000.0,2022.0,High income,
Afghanistan,AFG,17152234636.8715,2023.0,Low income,
Burkina Faso,BFA,20112614449.2039,2023.0,Low income,
Burundi,BDI,3430949249.91221,2023.0,Low income,
Central African Republic,CAF,2555492085.94725,2023.0,Low income,
Chad,TCD,18340233748.8805,2023.0,Low income,
"Congo, Dem. Rep.",COD,69843655425.2929,2023.0,Low income,
Eritrea,ERI,,,Low income,
Ethiopia,ETH,135874093202.492,2023.0,Low income,
"Gambia, The",GMB,2382262184.68273,2023.0,Low income,
Guinea,GIN,22407615556.0571,2023.0,Low income,
Guinea-Bissau,GNB,2127688181.12014,2023.0,Low income,
Haiti,HTI,19850585722.3241,2023.0,Low income,1762.0
Liberia,LBR,4390000000.0,2023.0,Low income,
Madagascar,MDG,15869945477.8505,2023.0,Low income,588.0
Malawi,MWI,13363669672.9405,2023.0,Low income,
Mali,MLI,24813860598.5307,2023.0,Low income,
Mozambique,MOZ,20921079532.6094,2023.0,Low income,678.0
Niger,NER,16698786977.59,2023.0,Low income,
Rwanda,RWA,14331722703.4134,2023.0,Low income,
Sierra Leone,SLE,6415852766.73832,2023.0,Low income,
"Somalia, Fed. Rep.",SOM,10958000000.0,2023.0,Low income,
South Sudan,SSD,,,Low income,
Uganda,UGA,48768955863.3175,2023.0,Low income,
"Yemen, Rep.",YEM,,,Low income,
Algeria,DZA,247923887214.655,2023.0,Lower-middle income,
Angola,AGO,107167747140.127,2023.0,Lower-middle income,
Bangladesh,BGD,437415333018.291,2023.0,Lower-middle income,2683.0
Benin,BEN,19673291004.1444,2023.0,Lower-middle income,
Bhutan,BTN,3012896789.24928,2023.0,Lower-middle income,
Bolivia,BOL,52340206946.4544,2023.0,Lower-middle income,
Cabo Verde,CPV,2504525548.71164,2023.0,Lower-middle income,
Cambodia,KHM,42335646895.7984,2023.0,Lower-middle income,
Cameroon,CMR,48814501547.4313,2023.0,Lower-middle income,
Comoros,COM,1326836543.00797,2023.0,Lower-middle income,
"Congo, Rep.",COG,15321055822.5167,2023.0,Lower-middle income,
Cote d'Ivoire,CIV,80780312569.1646,2023.0,Lower-middle income,
Djibouti,DJI,3898447007.38798,2023.0,Lower-middle income,
"Egypt, Arab Rep.",EGY,395926075163.006,2023.0,Lower-middle income,
El Salvador,SLV,33853940000.0,2023.0,Lower-middle income,
Eswatini,SWZ,4621191261.84214,2023.0,Lower-middle income,
Ghana,GHA,80547146878.3843,2023.0,Lower-middle income,
Honduras,HND,34355805527.9795,2023.0,Lower-middle income,3525.0
India,IND,3638489096033.86,2023.0,Lower-middle income,2663.0
Kenya,KEN,107500884685.013,2023.0,Lower-middle income,
Kiribati,KIR,288610747.738991,2023.0,Lower-middle income,
Kyrgyz Republic,KGZ,15180842369.4894,2023.0,Lower-middle income,
Lao PDR,LAO,15843155731.2552,2023.0,Lower-middle income,
Lesotho,LSO,2117962445.37471,2023.0,Lower-middle income,
Mauritania,MRT,10726838461.3987,2023.0,Lower-middle income,
"Micronesia, Fed. Sts.",FSM,441469400.0,2023.0,Lower-middle income,
Morocco,MAR,146036093666.762,2023.0,Lower-middle income,
Myanmar,MMR,66757619000.0,2023.0,Lower-middle income,1235.0
Nepal,NPL,41047772331.0994,2023.0,Lower-middle income,
Nicaragua,NIC,17805842283.8725,2023.0,Lower-middle income,
Nigeria,NGA,487387801880.597,2023.0,Lower-middle income,
Pakistan,PAK,336686348609.266,2023.0,Lower-middle income,
Papua New Guinea,PNG,30816367066.9594,2023.0,Lower-middle income,
Philippines,PHL,437055627244.424,2023.0,Lower-middle income,4042.0
Sao Tome and Principe,STP,690456806.696406,2023.0,Lower-middle income,
Senegal,SEN,30696331295.7826,2023.0,Lower-middle income,
Solomon Islands,SLB,1506124566.40404,2023.0,Lower-middle income,
Sri Lanka,LKA,83716142582.1945,2023.0,Lower-middle income,
Sudan,SDN,39898289820.7951,2023.0,Lower-middle income,
Syrian Arab Republic,SYR,23622827079.5047,2022.0,Lower-middle income,
Tajikistan,TJK,12244169292.7998,2023.0,Lower-middle income,
Tanzania,TZA,79030935627.0781,2023.0,Lower-middle income,
Timor-Leste,TLS,2079767170.22651,2023.0,Lower-middle income,
Togo,TGO,9816236302.58515,2023.0,Lower-middle income,
Tunisia,TUN,48205328303.3398,2023.0,Lower-middle income,
Tuvalu,TUV,62280311.5852172,2023.0,Lower-middle income,
Ukraine,UKR,181221517868.744,2023.0,Lower-middle income,
Uzbekistan,UZB,102641879248.764,2023.0,Lower-middle income,
Vanuatu,VUT,1115861055.72463,2023.0,Lower-middle income,
Viet Nam,VNM,433857681378.291,2023.0,Lower-middle income,4497.0
West Bank and Gaza,PSE,17847900000.0,2023.0,Lower-middle income,
Zambia,ZMB,27577956471.244,2023.0,Lower-middle income,
Zimbabwe,ZWE,35871779680.6335,2023.0,Lower-middle income,
Albania,ALB,23491242727.4082,2023.0,Upper-middle income,
American Samoa,ASM,871000000.0,2022.0,Upper-middle income,
Argentina,ARG,649461687959.174,2023.0,Upper-middle income,
Armenia,ARM,24185982215.6543,2023.0,Upper-middle income,
Azerbaijan,AZE,72428470588.2353,2023.0,Upper-middle income,
Belarus,BLR,72478760370.4258,2023.0,Upper-middle income,
Belize,BLZ,3052362650.0,2023.0,Upper-middle income,
Bosnia and Herzegovina,BIH,27592361498.4057,2023.0,Upper-middle income,
Botswana,BWA,19411266967.1044,2023.0,Upper-middle income,
Brazil,BRA,2191131869706.02,2023.0,Upper-middle income,
China,CHN,18270356654533.2,2023.0,Upper-middle income,13050.0
Colombia,COL,366291836137.916,2023.0,Upper-middle income,
Costa Rica,CRI,86497941439.0174,2023.0,Upper-middle income,
Cuba,CUB,107352000000.0,2020.0,Upper-middle income,9472.0
Dominica,DMA,659311111.111111,2023.0,Upper-middle income,
Dominican Republic,DOM,120456239153.739,2023.0,Upper-middle income,
Ecuador,ECU,121147057000.0,2023.0,Upper-middle income,
Equatorial Guinea,GNQ,12337550583.754,2023.0,Upper-middle income,
Fiji,FJI,5476673518.13788,2023.0,Upper-middle income,5887.0
Gabon,GAB,19388372070.9778,2023.0,Upper-middle income,
Georgia,GEO,30777833600.6515,2023.0,Upper-middle income,
Grenada,GRD,1336418518.51852,2023.0,Upper-middle income,
Guatemala,GTM,104368755054.601,2023.0,Upper-middle income,
Guyana,GUY,16918503597.1223,2023.0,Upper-middle income,
Indonesia,IDN,1371169301563.62,2023.0,Upper-middle income,
"Iran, Islamic Rep.",IRN,457510482317.483,2023.0,Upper-middle income,
Iraq,IRQ,268881051643.549,2023.0,Upper-middle income,
Jamaica,JAM,21418804319.6395,2023.0,Upper-middle income,
Jordan,JOR,51088476338.0282,2023.0,Upper-middle income,
Kazakhstan,KAZ,261840101059.923,2023.0,Upper-middle income,
Kosovo,XKX,10468224574.7539,2023.0,Upper-middle income,
Lebanon,LBN,20078620356.9931,2023.0,Upper-middle income,
Libya,LBY,44027664915.187,2023.0,Upper-middle income,
Malaysia,MYS,399949418752.657,2023.0,Upper-middle income,
Maldives,MDV,6621008703.95743,2023.0,Upper-middle income,
Marshall Islands,MHL,263761322.021484,2023.0,Upper-middle income,
Mauritius,MUS,14072212290.4596,2023.0,Upper-middle income,
Mexico,MEX,1798317581486.88,2023.0,Upper-middle income,14096.0
Moldova,MDA,16711906746.2133,2023.0,Upper-middle income,
Mongolia,MNG,20325121393.9074,2023.0,Upper-middle income,
Montenegro,MNE,7644389159.84471,2023.0,Upper-middle income,
Namibia,NAM,12408271449.2244,2023.0,Upper-middle income,
North Macedonia,MKD,15855131188.9092,2023.0,Upper-middle income,
Panama,PAN,83812155244.3352,2023.0,Upper-middle income,
Paraguay,PRY,43118053174.5461,2023.0,Upper-middle income,
Peru,PER,266958720837.988,2023.0,Upper-middle income,
Romania,ROU,347757995758.914,2023.0,Upper-middle income,
Russian Federation,RUS,2071505725030.58,2023.0,Upper-middle income,
Samoa,WSM,1044909500.02527,2023.0,Upper-middle income,
Serbia,SRB,81343999280.0179,2023.0,Upper-middle income,
South Africa,ZAF,381440724491.232,2023.0,Upper-middle income,
St. Lucia,LCA,2430166666.66667,2023.0,Upper-middle income,
St. Vincent and the Grenadines,VCT,1072237037.03704,2023.0,Upper-middle income,
Suriname,SUR,3472693412.08497,2023.0,Upper-middle income,
Thailand,THA,515906283940.933,2023.0,Upper-middle income,
Tonga,TON,591139749.44287,2023.0,Upper-middle income,
Turkiye,TUR,1141242864657.45,2023.0,Upper-middle income,
Turkmenistan,TKM,45894538665.5538,2023.0,Upper-middle income,
"Venezuela, RB",VEN,102376526555.948,2023.0,Upper-middle income,
"Korea, Dem. People's Rep.",PRK,,,,
